{
"Registrations":[
  {
    "component": {
      "type": "git",
      "git": {
        "repositoryUrl": "https://github.com/catchorg/Catch2.git",
        "commitHash": "e1c9d5569dc4135babb9c81891d70a8ba8ed938c"
      }
    }
  },
  {
    "component": {
      "type": "git",
      "git": {
        "repositoryUrl": "https://github.com/yaml/libyaml.git",
        "commitHash": "2c891fc7a770e8ba2fec34fc6b545c672beb37e6"
      }
    }
  },
  {
    "component": {
      "type": "git",
      "git": {
        "repositoryUrl": "https://github.com/open-source-parsers/jsoncpp.git",
        "commitHash": "9be589598595963f94ba264d7b416d0533421106"
      }
    }
  }
 ],
 "Version": 1
}
