<?xml version="1.0" ?>
<!DOCTYPE change_log SYSTEM "changes.dtd" >


<change_log title="nginx_module_njs">


<changes apply="nginx-module-njs" ver="0.4.4" rev="1" basever="1.19.4"
         date="2020-10-27" time="18:25:30 +0300"
         packager="Andrei Belov &lt;defan@nginx.com&gt;">
<change>
<para>
base version updated to 1.19.4-1
</para>
</change>

</changes>


<changes apply="nginx-module-njs" ver="0.4.4" rev="1" basever="1.19.3"
         date="2020-09-29" time="17:12:31 +0300"
         packager="Konstantin Pavlov &lt;thresh@nginx.com&gt;">

<change>
<para>
njs updated to 0.4.4
</para>
</change>

<change>
<para>
base version updated to 1.19.3-1
</para>
</change>

</changes>


<changes apply="nginx-module-njs" ver="0.4.3" rev="1" basever="1.19.2"
         date="2020-08-11" time="17:50:35 +0300"
         packager="Konstantin Pavlov &lt;thresh@nginx.com&gt;">

<change>
<para>
base version updated to 1.19.2-1
</para>
</change>

</changes>


<changes apply="nginx-module-njs" ver="0.4.3" rev="1" basever="1.19.1"
         date="2020-08-11" time="17:47:51 +0300"
         packager="Konstantin Pavlov &lt;thresh@nginx.com&gt;">

<change>
<para>
njs updated to 0.4.3
</para>
</change>

</changes>


<changes apply="nginx-module-njs" ver="0.4.2" rev="1" basever="1.19.1"
         date="2020-07-07" time="18:52:25 +0300"
         packager="Konstantin Pavlov &lt;thresh@nginx.com&gt;">

<change>
<para>
base version updated to 1.19.1-1
</para>
</change>

</changes>


<changes apply="nginx-module-njs" ver="0.4.2" rev="1" basever="1.19.0"
         date="2020-07-07" time="18:50:47 +0300"
         packager="Konstantin Pavlov &lt;thresh@nginx.com&gt;">

<change>
<para>
njs updated to 0.4.2
</para>
</change>

</changes>


<changes apply="nginx-module-njs" ver="0.4.1" rev="1" basever="1.19.0"
         date="2020-05-26" time="18:01:31 +0300"
         packager="Konstantin Pavlov &lt;thresh@nginx.com&gt;">

<change>
<para>
base version updated to 1.19.0-1
</para>
</change>

</changes>


<changes apply="nginx-module-njs" ver="0.4.1" rev="1" basever="1.17.10"
         date="2020-05-19" time="15:06:21 +0300"
         packager="Konstantin Pavlov &lt;thresh@nginx.com&gt;">

<change>
<para>
njs updated to 0.4.1
</para>
</change>

</changes>


<changes apply="nginx-module-njs" ver="0.4.0" rev="1" basever="1.17.10"
         date="2020-04-23" time="16:32:21 +0300"
         packager="Konstantin Pavlov &lt;thresh@nginx.com&gt;">

<change>
<para>
njs updated to 0.4.0
</para>
</change>

</changes>


<changes apply="nginx-module-njs" ver="0.3.9" rev="1" basever="1.17.10"
         date="2020-04-14" time="17:34:25 +0300"
         packager="Konstantin Pavlov &lt;thresh@nginx.com&gt;">

<change>
<para>
base version updated to 1.17.10-1
</para>
</change>

</changes>


<changes apply="nginx-module-njs" ver="0.3.9" rev="1" basever="1.17.9"
         date="2020-03-03" time="17:24:12 +0300"
         packager="Konstantin Pavlov &lt;thresh@nginx.com&gt;">

<change>
<para>
base version updated to 1.17.9-1
</para>
</change>

<change>
<para>
njs updated to 0.3.9
</para>
</change>

</changes>


<changes apply="nginx-module-njs" ver="0.3.8" rev="1" basever="1.17.8"
         date="2020-01-21" time="16:32:10 +0300"
         packager="Konstantin Pavlov &lt;thresh@nginx.com&gt;">

<change>
<para>
base version updated to 1.17.8-1
</para>
</change>

<change>
<para>
njs updated to 0.3.8.
</para>
</change>

</changes>


<changes apply="nginx-module-njs" ver="0.3.7" rev="1" basever="1.17.7"
         date="2019-12-24" time="16:07:53 +0300"
         packager="Konstantin Pavlov &lt;thresh@nginx.com&gt;">

<change>
<para>
base version updated to 1.17.7-1
</para>
</change>

</changes>


<changes apply="nginx-module-njs" ver="0.3.7" rev="1" basever="1.17.6"
         date="2019-11-19" time="15:46:02 +0300"
         packager="Konstantin Pavlov &lt;thresh@nginx.com&gt;">

<change>
<para>
base version updated to 1.17.6-1
</para>
</change>

<change>
<para>
njs updated to 0.3.7.
</para>
</change>

</changes>


<changes apply="nginx-module-njs" ver="0.3.6" rev="1" basever="1.17.5"
         date="2019-10-22" time="17:30:00 +0300"
         packager="Andrei Belov &lt;defan@nginx.com&gt;">

<change>
<para>
base version updated to 1.17.5-1
</para>
</change>

<change>
<para>
njs updated to 0.3.6
</para>
</change>

</changes>


<changes apply="nginx-module-njs" ver="0.3.5" rev="1" basever="1.17.4"
         date="2019-09-24" time="17:49:10 +0300"
         packager="Konstantin Pavlov &lt;thresh@nginx.com&gt;">

<change>
<para>
base version updated to 1.17.4-1
</para>
</change>

</changes>


<changes apply="nginx-module-njs" ver="0.3.5" rev="1" basever="1.17.3"
         date="2019-08-15" time="20:00:00 +0300"
         packager="Andrei Belov &lt;defan@nginx.com&gt;">

<change>
<para>
njs updated to 0.3.5
</para>
</change>

</changes>


<changes apply="nginx-module-njs" ver="0.3.4" rev="1" basever="1.17.3"
         date="2019-08-13" time="11:50:00 +0300"
         packager="Andrei Belov &lt;defan@nginx.com&gt;">

<change>
<para>
base version updated to 1.17.3-1
</para>
</change>

<change>
<para>
njs updated to 0.3.4
</para>
</change>

</changes>


<changes apply="nginx-module-njs" ver="0.3.3" rev="1" basever="1.17.2"
         date="2019-07-23" time="14:45:37 +0300"
         packager="Konstantin Pavlov &lt;thresh@nginx.com&gt;">

<change>
<para>
base version updated to 1.17.2-1
</para>
</change>

</changes>


<changes apply="nginx-module-njs" ver="0.3.3" rev="1" basever="1.17.1"
         date="2019-06-25" time="15:20:00 +0300"
         packager="Andrei Belov &lt;defan@nginx.com&gt;">

<change>
<para>
base version updated to 1.17.1-1
</para>
</change>

<change>
<para>
njs updated to 0.3.3
</para>
</change>

</changes>


<changes apply="nginx-module-njs" ver="0.3.2" rev="1" basever="1.17.0"
         date="2019-05-21" time="12:31:27 +0300"
         packager="Konstantin Pavlov &lt;thresh@nginx.com&gt;">

<change>
<para>
base version updated to 1.17.0-1
</para>
</change>

<change>
<para>
njs updated to 0.3.2.
</para>
</change>

</changes>


<changes apply="nginx-module-njs" ver="0.3.1" rev="1" basever="1.15.12"
         date="2019-04-16" time="17:34:19 +0300"
         packager="Konstantin Pavlov &lt;thresh@nginx.com&gt;">

<change>
<para>
njs updated to 0.3.1.
</para>
</change>

<change>
<para>
base version updated to 1.15.12-1
</para>
</change>

</changes>


<changes apply="nginx-module-njs" ver="0.3.0" rev="1" basever="1.15.11"
         date="2019-04-09" time="14:20:51 +0300"
         packager="Konstantin Pavlov &lt;thresh@nginx.com&gt;">

<change>
<para>
base version updated to 1.15.11-1
</para>
</change>

</changes>


<changes apply="nginx-module-njs" ver="0.3.0" rev="1" basever="1.15.10"
         date="2019-03-26" time="13:25:01 +0300"
         packager="Konstantin Pavlov &lt;thresh@nginx.com&gt;">

<change>
<para>
base version updated to 1.15.10-1
</para>
</change>

<change>
<para>
njs updated to 0.3.0.
</para>
</change>

</changes>


<changes apply="nginx-module-njs" ver="0.2.8" rev="1" basever="1.15.9"
         date="2019-02-26" time="17:10:13 +0300"
         packager="Konstantin Pavlov &lt;thresh@nginx.com&gt;">

<change>
<para>
base version updated to 1.15.9-1
</para>
</change>

<change>
<para>
njs updated to 0.2.8.
</para>
</change>

</changes>


<changes apply="nginx-module-njs" ver="0.2.7" rev="1" basever="1.15.8"
         date="2018-12-25" time="12:50:01 +0300"
         packager="Konstantin Pavlov &lt;thresh@nginx.com&gt;">

<change>
<para>
base version updated to 1.15.8-1
</para>
</change>

<change>
<para>
njs updated to 0.2.7.
</para>
</change>

</changes>


<changes apply="nginx-module-njs" ver="0.2.6" rev="1" basever="1.15.7"
         date="2018-11-27" time="15:30:04 +0300"
         packager="Konstantin Pavlov &lt;thresh@nginx.com&gt;">

<change>
<para>
njs updated to 0.2.6.
</para>
</change>

<change>
<para>
base version updated to 1.15.7-1
</para>
</change>

</changes>


<changes apply="nginx-module-njs" ver="0.2.5" rev="1" basever="1.15.6"
         date="2018-11-06" time="16:38:30 +0300"
         packager="Konstantin Pavlov &lt;thresh@nginx.com&gt;">

<change>
<para>
base version updated to 1.15.6-1
</para>
</change>

</changes>


<changes apply="nginx-module-njs" ver="0.2.5" rev="1" basever="1.15.5"
         date="2018-10-30" time="15:31:14 +0300"
         packager="Konstantin Pavlov &lt;thresh@nginx.com&gt;">

<change>
<para>
njs updated to 0.2.5.
</para>
</change>

</changes>


<changes apply="nginx-module-njs" ver="0.2.4" rev="1" basever="1.15.5"
         date="2018-10-02" time="17:49:27 +0300"
         packager="Konstantin Pavlov &lt;thresh@nginx.com&gt;">

<change>
<para>
base version updated to 1.15.5-1
</para>
</change>

</changes>


<changes apply="nginx-module-njs" ver="0.2.4" rev="1" basever="1.15.4"
         date="2018-09-25" time="18:04:03 +0300"
         packager="Konstantin Pavlov &lt;thresh@nginx.com&gt;">

<change>
<para>
base version updated to 1.15.4-1
</para>
</change>

</changes>


<changes apply="nginx-module-njs" ver="0.2.4" rev="1" basever="1.15.3"
         date="2018-09-18" time="17:51:42 +0300"
         packager="Konstantin Pavlov &lt;thresh@nginx.com&gt;">

<change>
<para>
njs updated to 0.2.4.
</para>
</change>

</changes>


<changes apply="nginx-module-njs" ver="0.2.3" rev="1" basever="1.15.3"
         date="2018-08-28" time="16:32:13 +0300"
         packager="Konstantin Pavlov &lt;thresh@nginx.com&gt;">

<change>
<para>
base version updated to 1.15.3-1
</para>
</change>

</changes>


<changes apply="nginx-module-njs" ver="0.2.3" rev="1" basever="1.15.2"
         date="2018-07-31" time="14:50:23 +0300"
         packager="Konstantin Pavlov &lt;thresh@nginx.com&gt;">

<change>
<para>
njs updated to 0.2.3.
</para>
</change>

</changes>


<changes apply="nginx-module-njs" ver="0.2.2" rev="1" basever="1.15.2"
         date="2018-07-24" time="16:02:29 +0300"
         packager="Konstantin Pavlov &lt;thresh@nginx.com&gt;">

<change>
<para>
base version updated to 1.15.2-1
</para>
</change>

</changes>


<changes apply="nginx-module-njs" ver="0.2.2" rev="1" basever="1.15.1"
         date="2018-07-03" time="16:27:08 +0300"
         packager="Konstantin Pavlov &lt;thresh@nginx.com&gt;">

<change>
<para>
base version updated to 1.15.1-1
</para>
</change>

</changes>


<changes apply="nginx-module-njs" ver="0.2.2" rev="1" basever="1.15.0"
         date="2018-06-21" time="13:09:06 +0300"
         packager="Konstantin Pavlov &lt;thresh@nginx.com&gt;">

<change>
<para>
njs updated to 0.2.2.
</para>
</change>

</changes>


<changes apply="nginx-module-njs" ver="0.2.1" rev="1" basever="1.15.0"
         date="2018-06-05" time="15:00:18 +0300"
         packager="Konstantin Pavlov &lt;thresh@nginx.com&gt;">

<change>
<para>
base version updated to 1.15.0-1
</para>
</change>

</changes>


<changes apply="nginx-module-njs" ver="0.2.1" rev="1" basever="1.13.12"
         date="2018-06-05" time="12:45:56 +0300"
         packager="Konstantin Pavlov &lt;thresh@nginx.com&gt;">

<change>
<para>
njs updated to 0.2.1.
</para>
</change>

</changes>


<changes apply="nginx-module-njs" ver="0.2.0" rev="1" basever="1.13.12"
         date="2018-04-09" time="19:01:09 +0300"
         packager="Konstantin Pavlov &lt;thresh@nginx.com&gt;">

<change>
<para>
base version updated to 1.13.12-1
</para>
</change>

</changes>


<changes apply="nginx-module-njs" ver="0.2.0" rev="1" basever="1.13.11"
         date="2018-04-03" time="15:06:42 +0300"
         packager="Konstantin Pavlov &lt;thresh@nginx.com&gt;">

<change>
<para>
base version updated to 1.13.11-1
</para>
</change>

<change>
<para>
njs updated to 0.2.0.
</para>
</change>

</changes>


<changes apply="nginx-module-njs" ver="0.1.15" rev="1" basever="1.13.10"
         date="2018-03-20" time="13:03:54 +0300"
         packager="Konstantin Pavlov &lt;thresh@nginx.com&gt;">

<change>
<para>
base version updated to 1.13.10-1
</para>
</change>

</changes>


<changes apply="nginx-module-njs" ver="0.1.15" rev="1" basever="1.13.9"
         date="2018-02-20" time="15:21:20 +0300"
         packager="Konstantin Pavlov &lt;thresh@nginx.com&gt;">

<change>
<para>
base version updated to 1.13.9-1
</para>
</change>

<change>
<para>
fixed build on ppc64le (backported njs changeset 22cc52416e84)
</para>
</change>

</changes>


<changes apply="nginx-module-njs" ver="0.1.15" rev="1" basever="1.13.8"
         date="2017-12-26" time="14:11:22 +0300"
         packager="Konstantin Pavlov &lt;thresh@nginx.com&gt;">

<change>
<para>
base version updated to 1.13.8-1
</para>
</change>

</changes>


<changes apply="nginx-module-njs" ver="0.1.15" rev="1" basever="1.13.7"
         date="2017-11-21" time="17:25:30 +0300"
         packager="Konstantin Pavlov &lt;thresh@nginx.com&gt;">

<change>
<para>
base version updated to 1.13.7-1
</para>
</change>

<change>
<para>
njs updated to 0.1.15.
</para>
</change>

</changes>


<changes apply="nginx-module-njs" ver="0.1.14" rev="1" basever="1.13.6"
         date="2017-10-09" time="20:44:09 +0300"
         packager="Konstantin Pavlov &lt;thresh@nginx.com&gt;">

<change>
<para>
njs updated to 0.1.14
</para>
</change>

</changes>


<changes apply="nginx-module-njs" ver="0.1.13" rev="2" basever="1.13.5"
         date="2017-09-14" time="19:31:17 +0300"
         packager="Konstantin Pavlov &lt;thresh@nginx.com&gt;">

<change>
<para>
base version updated to 1.13.5-2
</para>
</change>

</changes>


<changes apply="nginx-module-njs" ver="0.1.13" rev="1" basever="1.13.5"
         date="2017-09-04" time="13:25:01 +0300"
         packager="Konstantin Pavlov &lt;thresh@nginx.com&gt;">

<change>
<para>
njs updated to 0.1.13
</para>
</change>

</changes>


<changes apply="nginx-module-njs" ver="0.1.12" rev="1" basever="1.13.4"
         date="2017-08-08" time="18:25:00 +0300"
         packager="Sergey Budnevitch &lt;sb@nginx.com&gt;">

<change>
<para>
njs updated to 0.1.12
</para>
</change>

</changes>


<changes apply="nginx-module-njs" ver="0.1.11" rev="1" basever="1.13.3"
         date="2017-07-11" time="16:15:12 +0300"
         packager="Konstantin Pavlov &lt;thresh@nginx.com&gt;">

<change>
<para>
base version updated to 1.13.3-1
</para>
</change>

</changes>


<changes apply="nginx-module-njs" ver="0.1.11" rev="1" basever="1.13.2"
         date="2017-06-27" time="16:35:02 +0300"
         packager="Konstantin Pavlov &lt;thresh@nginx.com&gt;">

<change>
<para>
njs updated to 0.1.11
</para>
</change>

</changes>


<changes apply="nginx-module-njs" ver="0.1.10" rev="1" basever="1.13.1"
         date="2017-05-30" time="16:01:22 +0300"
         packager="Konstantin Pavlov &lt;thresh@nginx.com&gt;">

<change>
<para>
base version updated to 1.13.1-1
</para>
</change>

</changes>


<changes apply="nginx-module-njs" ver="0.1.10" rev="1" basever="1.13.0"
         date="2017-04-25" time="14:32:45 +0300"
         packager="Konstantin Pavlov &lt;thresh@nginx.com&gt;">

<change>
<para>
base version updated to 1.13.0-1
</para>
</change>

</changes>


<changes apply="nginx-module-njs" ver="0.1.10" rev="1" basever="1.11.13"
         date="2017-04-04" time="13:43:06 +0300"
         packager="Konstantin Pavlov &lt;thresh@nginx.com&gt;">

<change>
<para>
njs updated to 0.1.10
</para>
</change>

</changes>


<changes apply="nginx-module-njs" ver="0.1.9" rev="1" basever="1.11.12"
         date="2017-03-24" time="16:51:39 +0300"
         packager="Konstantin Pavlov &lt;thresh@nginx.com&gt;">

<change>
<para>
base version updated to 1.11.12.
</para>
</change>

</changes>


<changes apply="nginx-module-njs" ver="0.1.9" rev="1" basever="1.11.11"
         date="2017-03-21" time="17:26:41 +0300"
         packager="Konstantin Pavlov &lt;thresh@nginx.com&gt;">

<change>
<para>
base version updated to 1.11.11.
</para>
</change>

</changes>


<changes apply="nginx-module-njs" ver="0.1.9" rev="1" basever="1.11.10"
         date="2017-02-14" time="14:42:44 +0300"
         packager="Konstantin Pavlov &lt;thresh@nginx.com&gt;">

<change>
<para>
njs updated to 0.1.9
</para>
</change>

</changes>


<changes apply="nginx-module-njs" ver="0.1.8" rev="1" basever="1.11.9"
         date="2017-01-24" time="14:46:34 +0300"
         packager="Konstantin Pavlov &lt;thresh@nginx.com&gt;">

<change>
<para>
njs updated to 0.1.8
</para>
</change>

</changes>


<changes apply="nginx-module-njs" ver="0.1.7" rev="1" basever="1.11.8"
         date="2016-12-27" time="16:08:07 +0300"
         packager="Konstantin Pavlov &lt;thresh@nginx.com&gt;">

<change>
<para>
njs updated to 0.1.7
</para>
</change>

</changes>


<changes apply="nginx-module-njs" ver="0.1.6" rev="1" basever="1.11.7"
         date="2016-12-13" time="16:35:00 +0300"
         packager="Konstantin Pavlov &lt;thresh@nginx.com&gt;">

<change>
<para>
njs updated to 0.1.6
</para>
</change>

</changes>


<changes apply="nginx-module-njs" ver="0.1.4" rev="2" basever="1.11.6"
         date="2016-11-15" time="18:35:00 +0300"
         packager="Konstantin Pavlov &lt;thresh@nginx.com&gt;">

<change>
<para>
base version updated to 1.11.6.
</para>
</change>

</changes>


<changes apply="nginx-module-njs" ver="0.1.4" rev="1" basever="1.11.5"
         date="2016-10-24" time="15:50:00 +0300"
         packager="Andrei Belov &lt;defan@nginx.com&gt;">

<change>
<para>
njs module updated to 0.1.4
</para>
</change>

</changes>


<changes apply="nginx-module-njs" ver="0.1.3" rev="1" basever="1.11.5"
         date="2016-10-10" time="10:15:00 +0300"
         packager="Andrei Belov &lt;defan@nginx.com&gt;">

<change>
<para>
base version updated to 1.11.5
</para>
</change>

<change>
<para>
njs module updated to 0.1.3
</para>
</change>

</changes>


</change_log>
