<?xml version="1.0" ?>
<!DOCTYPE change_log SYSTEM "changes.dtd" >


<change_log title="nginx">


<changes apply="nginx" ver="1.19.4" rev="1"
         date="2020-10-27" time="18:25:30 +0300"
         packager="Andrei Belov &lt;defan@nginx.com&gt;">
<change>
<para>
1.19.4-1
</para>
</change>

</changes>


<changes apply="nginx" ver="1.19.3" rev="1"
         date="2020-09-29" time="17:12:31 +0300"
         packager="Konstantin Pavlov &lt;thresh@nginx.com&gt;">

<change>
<para>
1.19.3
</para>
</change>

</changes>


<changes apply="nginx" ver="1.19.2" rev="1"
         date="2020-08-11" time="17:50:35 +0300"
         packager="Konstantin Pavlov &lt;thresh@nginx.com&gt;">

<change>
<para>
1.19.2
</para>
</change>

</changes>


<changes apply="nginx" ver="1.19.1" rev="1"
         date="2020-07-07" time="18:52:25 +0300"
         packager="Konstantin Pavlov &lt;thresh@nginx.com&gt;">

<change>
<para>
1.19.1
</para>
</change>

</changes>


<changes apply="nginx" ver="1.19.0" rev="1"
         date="2020-05-26" time="18:01:31 +0300"
         packager="Konstantin Pavlov &lt;thresh@nginx.com&gt;">

<change>
<para>
1.19.0
</para>
</change>

</changes>


<changes apply="nginx" ver="1.17.10" rev="1"
         date="2020-04-14" time="17:34:25 +0300"
         packager="Konstantin Pavlov &lt;thresh@nginx.com&gt;">

<change>
<para>
1.17.10
</para>
</change>

</changes>


<changes apply="nginx" ver="1.17.9" rev="1"
         date="2020-03-03" time="17:32:47 +0300"
         packager="Konstantin Pavlov &lt;thresh@nginx.com&gt;">

<change>
<para>
1.17.9
</para>
</change>

</changes>


<changes apply="nginx" ver="1.17.8" rev="1"
         date="2020-01-21" time="16:36:08 +0300"
         packager="Konstantin Pavlov &lt;thresh@nginx.com&gt;">

<change>
<para>
1.17.8
</para>
</change>

</changes>


<changes apply="nginx" ver="1.17.7" rev="1"
         date="2019-12-24" time="16:07:53 +0300"
         packager="Konstantin Pavlov &lt;thresh@nginx.com&gt;">

<change>
<para>
1.17.7
</para>
</change>

</changes>


<changes apply="nginx" ver="1.17.6" rev="1"
         date="2019-11-19" time="15:50:08 +0300"
         packager="Konstantin Pavlov &lt;thresh@nginx.com&gt;">

<change>
<para>
1.17.6
</para>
</change>

</changes>


<changes apply="nginx" ver="1.17.5" rev="1"
         date="2019-10-22" time="17:30:00 +0300"
         packager="Andrei Belov &lt;defan@nginx.com&gt;">

<change>
<para>
1.17.5
</para>
</change>

</changes>


<changes apply="nginx" ver="1.17.4" rev="1"
         date="2019-09-24" time="17:49:10 +0300"
         packager="Konstantin Pavlov &lt;thresh@nginx.com&gt;">

<change>
<para>
1.17.4
</para>
</change>

</changes>


<changes apply="nginx" ver="1.17.3" rev="1"
         date="2019-08-13" time="11:50:00 +0300"
         packager="Andrei Belov &lt;defan@nginx.com&gt;">

<change>
<para>
1.17.3
</para>
</change>

</changes>


<changes apply="nginx" ver="1.17.2" rev="1"
         date="2019-07-23" time="14:45:37 +0300"
         packager="Konstantin Pavlov &lt;thresh@nginx.com&gt;">

<change>
<para>
1.17.2
</para>
</change>

</changes>


<changes apply="nginx" ver="1.17.1" rev="1"
         date="2019-06-25" time="15:20:00 +0300"
         packager="Andrei Belov &lt;defan@nginx.com&gt;">

<change>
<para>
1.17.1
</para>
</change>

</changes>


<changes apply="nginx" ver="1.17.0" rev="1"
         date="2019-05-21" time="17:45:53 +0300"
         packager="Konstantin Pavlov &lt;thresh@nginx.com&gt;">

<change>
<para>
1.17.0
</para>
</change>

</changes>


<changes apply="nginx" ver="1.15.12" rev="1"
         date="2019-04-16" time="16:08:19 +0300"
         packager="Konstantin Pavlov &lt;thresh@nginx.com&gt;">

<change>
<para>
1.15.12
</para>
</change>

</changes>


<changes apply="nginx" ver="1.15.11" rev="1"
         date="2019-04-09" time="14:20:51 +0300"
         packager="Konstantin Pavlov &lt;thresh@nginx.com&gt;">

<change>
<para>
1.15.11
</para>
</change>

</changes>


<changes apply="nginx" ver="1.15.10" rev="1"
         date="2019-03-26" time="17:04:38 +0300"
         packager="Konstantin Pavlov &lt;thresh@nginx.com&gt;">

<change>
<para>
1.15.10
</para>
</change>

</changes>


<changes apply="nginx" ver="1.15.9" rev="1"
         date="2019-02-26" time="17:13:39 +0300"
         packager="Konstantin Pavlov &lt;thresh@nginx.com&gt;">

<change>
<para>
1.15.9
</para>
</change>

</changes>


<changes apply="nginx" ver="1.15.8" rev="1"
         date="2018-12-25" time="12:56:47 +0300"
         packager="Konstantin Pavlov &lt;thresh@nginx.com&gt;">

<change>
<para>
1.15.8
</para>
</change>

</changes>


<changes apply="nginx" ver="1.15.7" rev="1"
         date="2018-11-27" time="15:31:56 +0300"
         packager="Konstantin Pavlov &lt;thresh@nginx.com&gt;">

<change>
<para>
1.15.7
</para>
</change>

</changes>


<changes apply="nginx" ver="1.15.6" rev="1"
         date="2018-11-06" time="16:38:30 +0300"
         packager="Konstantin Pavlov &lt;thresh@nginx.com&gt;">

<change>
<para>
1.15.6
</para>
</change>

<change type="security">
<para>
fixes CVE-2018-16843.
</para>
</change>

<change type="security">
<para>
fixes CVE-2018-16844.
</para>
</change>

<change type="security">
<para>
fixes CVE-2018-16845.
</para>
</change>

</changes>


<changes apply="nginx" ver="1.15.5" rev="1"
         date="2018-10-02" time="17:49:27 +0300"
         packager="Konstantin Pavlov &lt;thresh@nginx.com&gt;">

<change>
<para>
1.15.5
</para>
</change>

</changes>


<changes apply="nginx" ver="1.15.4" rev="1"
         date="2018-09-25" time="18:04:03 +0300"
         packager="Konstantin Pavlov &lt;thresh@nginx.com&gt;">

<change>
<para>
1.15.4
</para>
</change>

</changes>


<changes apply="nginx" ver="1.15.3" rev="1"
         date="2018-08-28" time="16:32:13 +0300"
         packager="Konstantin Pavlov &lt;thresh@nginx.com&gt;">

<change>
<para>
1.15.3
</para>
</change>

</changes>


<changes apply="nginx" ver="1.15.2" rev="1"
         date="2018-07-24" time="16:02:29 +0300"
         packager="Konstantin Pavlov &lt;thresh@nginx.com&gt;">

<change>
<para>
1.15.2
</para>
</change>

</changes>


<changes apply="nginx" ver="1.15.1" rev="1"
         date="2018-07-03" time="16:27:08 +0300"
         packager="Konstantin Pavlov &lt;thresh@nginx.com&gt;">

<change>
<para>
1.15.1
</para>
</change>

</changes>


<changes apply="nginx" ver="1.15.0" rev="1"
         date="2018-06-05" time="15:00:18 +0300"
         packager="Konstantin Pavlov &lt;thresh@nginx.com&gt;">

<change>
<para>
1.15.0
</para>
</change>

</changes>


<changes apply="nginx" ver="1.13.12" rev="1"
         date="2018-04-09" time="19:01:09 +0300"
         packager="Konstantin Pavlov &lt;thresh@nginx.com&gt;">

<change>
<para>
1.13.12
</para>
</change>

</changes>


<changes apply="nginx" ver="1.13.11" rev="1"
         date="2018-04-03" time="15:16:34 +0300"
         packager="Konstantin Pavlov &lt;thresh@nginx.com&gt;">

<change>
<para>
1.13.11
</para>
</change>

</changes>


<changes apply="nginx" ver="1.13.10" rev="1"
         date="2018-03-20" time="13:03:54 +0300"
         packager="Konstantin Pavlov &lt;thresh@nginx.com&gt;">

<change>
<para>
1.13.10
</para>
</change>

</changes>


<changes apply="nginx" ver="1.13.9" rev="1"
         date="2018-02-20" time="15:21:20 +0300"
         packager="Konstantin Pavlov &lt;thresh@nginx.com&gt;">

<change>
<para>
1.13.9
</para>
</change>

</changes>


<changes apply="nginx" ver="1.13.8" rev="1"
         date="2017-12-26" time="14:11:22 +0300"
         packager="Konstantin Pavlov &lt;thresh@nginx.com&gt;">

<change>
<para>
1.13.8
</para>
</change>

</changes>


<changes apply="nginx" ver="1.13.7" rev="1"
         date="2017-11-21" time="17:28:04 +0300"
         packager="Konstantin Pavlov &lt;thresh@nginx.com&gt;">

<change>
<para>
1.13.7
</para>
</change>

</changes>


<changes apply="nginx" ver="1.13.6" rev="1"
         date="2017-09-14" time="19:35:09 +0300"
         packager="Konstantin Pavlov &lt;thresh@nginx.com&gt;">

<change>
<para>
1.13.6
</para>
</change>

<change type="bugfix">
<para>
in systemd service support (https://trac.nginx.org/nginx/ticket/1380).
</para>
</change>

</changes>


<changes apply="nginx" ver="1.13.5" rev="1"
         date="2017-09-14" time="19:33:43 +0300"
         packager="Konstantin Pavlov &lt;thresh@nginx.com&gt;">

<change>
<para>
1.13.5
</para>
</change>

</changes>


<changes apply="nginx" ver="1.13.4" rev="1"
         date="2017-08-08" time="18:25:00 +0300"
         packager="Sergey Budnevitch &lt;sb@nginx.com&gt;">

<change>
<para>
1.13.4
</para>
</change>

</changes>


<changes apply="nginx" ver="1.13.3" rev="1"
         date="2017-07-11" time="16:06:07 +0300"
         packager="Konstantin Pavlov &lt;thresh@nginx.com&gt;">

<change>
<para>
1.13.3
</para>
</change>

<change type="security">
<para>
fixes CVE-2017-7529.
</para>
</change>

</changes>


<changes apply="nginx" ver="1.13.2" rev="1"
         date="2017-06-27" time="16:40:50 +0300"
         packager="Konstantin Pavlov &lt;thresh@nginx.com&gt;">

<change>
<para>
1.13.2
</para>
</change>

</changes>


<changes apply="nginx" ver="1.13.1" rev="1"
         date="2017-05-30" time="16:03:46 +0300"
         packager="Konstantin Pavlov &lt;thresh@nginx.com&gt;">

<change>
<para>
1.13.1
</para>
</change>

</changes>


<changes apply="nginx" ver="1.13.0" rev="1"
         date="2017-04-25" time="14:30:31 +0300"
         packager="Konstantin Pavlov &lt;thresh@nginx.com&gt;">

<change>
<para>
1.13.0
</para>
</change>

</changes>


<changes apply="nginx" ver="1.11.13" rev="1"
         date="2017-04-04" time="13:58:14 +0300"
         packager="Konstantin Pavlov &lt;thresh@nginx.com&gt;">

<change>
<para>
1.11.13
</para>
</change>

<change>
<para>
Made upgrade loops/timeouts configurable via /etc/defaults/nginx.
</para>
</change>

</changes>


<changes apply="nginx" ver="1.11.12" rev="1"
         date="2017-03-24" time="16:47:12 +0300"
         packager="Konstantin Pavlov &lt;thresh@nginx.com&gt;">

<change>
<para>
1.11.12
</para>
</change>

</changes>


<changes apply="nginx" ver="1.11.11" rev="1"
         date="2017-03-21" time="17:24:12 +0300"
         packager="Konstantin Pavlov &lt;thresh@nginx.com&gt;">

<change>
<para>
1.11.11
</para>
</change>

</changes>


<changes apply="nginx" ver="1.11.10" rev="1"
         date="2017-02-14" time="14:54:57 +0300"
         packager="Konstantin Pavlov &lt;thresh@nginx.com&gt;">

<change>
<para>
1.11.10
</para>
</change>

</changes>


<changes apply="nginx" ver="1.11.9" rev="1"
         date="2017-01-24" time="14:54:15 +0300"
         packager="Konstantin Pavlov &lt;thresh@nginx.com&gt;">

<change>
<para>
1.11.9
</para>
</change>

<change>
<para>
Extended hardening build flags.
</para>
</change>

<change>
<para>
Added check-reload target to init script / systemd service.
</para>
</change>

</changes>


<changes apply="nginx" ver="1.11.8" rev="1"
         date="2016-12-27" time="16:18:01 +0300"
         packager="Konstantin Pavlov &lt;thresh@nginx.com&gt;">

<change>
<para>
1.11.8
</para>
</change>

</changes>


<changes apply="nginx" ver="1.11.7" rev="1"
         date="2016-12-13" time="16:53:43 +0300"
         packager="Konstantin Pavlov &lt;thresh@nginx.com&gt;">

<change>
<para>
1.11.7
</para>
</change>

</changes>


<changes apply="nginx" ver="1.11.6" rev="1"
         date="2016-11-25" time="18:50:49 +0300"
         packager="Konstantin Pavlov &lt;thresh@nginx.com&gt;">

<change>
<para>
1.11.6
</para>
</change>

</changes>


<changes apply="nginx" ver="1.11.5" rev="1"
         date="2016-10-10" time="10:15:00 +0300"
         packager="Andrei Belov &lt;defan@nginx.com&gt;">

<change>
<para>
1.11.5
</para>
</change>

</changes>


<changes apply="nginx" ver="1.11.4" rev="1"
         date="2016-09-13" time="14:33:26 +0300"
         packager="Konstantin Pavlov &lt;thresh@nginx.com&gt;">

<change>
<para>
1.11.4
</para>
</change>

<change>
<para>
njs updated to 0.1.2.
</para>
</change>

</changes>


<changes apply="nginx" ver="1.11.3" rev="1"
         date="2016-07-26" time="15:03:42 +0300"
         packager="Konstantin Pavlov &lt;thresh@nginx.com&gt;">

<change>
<para>
1.11.3
</para>
</change>

<change>
<para>
njs updated to 0.1.0.
</para>
</change>

<change>
<para>
njs stream dynamic module added to nginx-module-njs package.
</para>
</change>

<change>
<para>
geoip stream dynamic module added to nginx-module-geoip package.
</para>
</change>

</changes>


<changes apply="nginx" ver="1.11.2" rev="1"
         date="2016-07-05" time="16:25:00 +0300"
         packager="Konstantin Pavlov &lt;thresh@nginx.com&gt;">

<change>
<para>
1.11.2
</para>
</change>

<change>
<para>
njs updated to ef2b708510b1.
</para>
</change>

</changes>


<changes apply="nginx" ver="1.11.1" rev="1"
         date="2016-05-31" time="16:25:00 +0300"
         packager="Konstantin Pavlov &lt;thresh@nginx.com&gt;">

<change>
<para>
1.11.1
</para>
</change>

</changes>


<changes apply="nginx" ver="1.11.0" rev="1"
         date="2016-05-24" time="15:38:00 +0300"
         packager="Sergey Budnevitch &lt;sb@nginx.com&gt;">

<change>
<para>
1.11.0
</para>
</change>

<change type="bugfix">
<para>
fixed logrotate error if nginx is not running.
</para>
</change>

</changes>


<changes apply="nginx" ver="1.9.15" rev="1"
         date="2016-04-19" time="20:10:00 +0300"
         packager="Konstantin Pavlov &lt;thresh@nginx.com&gt;">

<change>
<para>
1.9.15
</para>
</change>

<change>
<para>
njs updated to 1c50334fbea6.
</para>
</change>

</changes>


<changes apply="nginx" ver="1.9.14" rev="1"
         date="2016-04-05" time="17:30:00 +0300"
         packager="Konstantin Pavlov &lt;thresh@nginx.com&gt;">

<change>
<para>
1.9.14
</para>
</change>

</changes>


<changes apply="nginx" ver="1.9.13" rev="1"
         date="2016-03-29" time="15:50:00 +0300"
         packager="Konstantin Pavlov &lt;thresh@nginx.com&gt;">

<change>
<para>
1.9.13
</para>
</change>

<change>
<para>
Fixed modules path
</para>
</change>

<change>
<para>
Added perl and njs dynamic modules subpackages
</para>
</change>

</changes>


<changes apply="nginx" ver="1.9.12" rev="1"
         date="2016-02-24" time="18:24:00 +0300"
         packager="Sergey Budnevitch &lt;sb@nginx.com&gt;">

<change>
<para>
1.9.12
</para>
</change>

<change>
<para>
common configure args are now in variable
</para>
</change>

<change>
<para>
xslt, image-filter and geoip dynamic modules added
</para>
</change>

</changes>


<changes apply="nginx" ver="1.9.11" rev="1"
         date="2016-02-09" time="17:37:00 +0300"
         packager="Sergey Budnevitch &lt;sb@nginx.com&gt;">

<change>
<para>
1.9.11
</para>
</change>

<change>
<para>
dynamic modules path and symlink in /etc/nginx added
</para>
</change>

</changes>


<changes apply="nginx" ver="1.9.10" rev="1"
         date="2016-01-26" time="14:50:00 +0300"
         packager="Konstantin Pavlov &lt;thresh@nginx.com&gt;">

<change>
<para>
1.9.10
</para>
</change>

</changes>


<changes apply="nginx" ver="1.9.9" rev="1"
         date="2015-12-09" time="14:50:00 +0300"
         packager="Konstantin Pavlov &lt;thresh@nginx.com&gt;">

<change>
<para>
1.9.9
</para>
</change>

</changes>


<changes apply="nginx" ver="1.9.8" rev="1"
         date="2015-12-08" time="15:55:00 +0300"
         packager="Konstantin Pavlov &lt;thresh@nginx.com&gt;">

<change>
<para>
1.9.8
</para>
</change>

<change>
<para>
http_slice module enabled
</para>
</change>

</changes>


<changes apply="nginx" ver="1.9.7" rev="1"
         date="2015-11-17" time="14:50:00 +0300"
         packager="Konstantin Pavlov &lt;thresh@nginx.com&gt;">

<change>
<para>
1.9.7
</para>
</change>

</changes>


<changes apply="nginx" ver="1.9.6" rev="1"
         date="2015-10-27" time="13:57:00 +0300"
         packager="Sergey Budnevitch &lt;sb@nginx.com&gt;">

<change>
<para>
1.9.6
</para>
</change>

</changes>


<changes apply="nginx" ver="1.9.5" rev="1"
         date="2015-09-22" time="10:30:00 +0300"
         packager="Andrei Belov &lt;defan@nginx.com&gt;">

<change>
<para>
1.9.5
</para>
</change>

<change>
<para>
http_spdy module replaced with http_v2 module
</para>
</change>

</changes>


<changes apply="nginx" ver="1.9.4" rev="1"
         date="2015-08-18" time="17:32:00 +0300"
         packager="Konstantin Pavlov &lt;thresh@nginx.com&gt;">

<change>
<para>
1.9.4
</para>
</change>

</changes>


<changes apply="nginx" ver="1.9.3" rev="1"
         date="2015-07-14" time="14:57:00 +0300"
         packager="Sergey Budnevitch &lt;sb@nginx.com&gt;">

<change>
<para>
1.9.3
</para>
</change>

</changes>


<changes apply="nginx" ver="1.9.2" rev="1"
         date="2015-06-16" time="17:36:00 +0300"
         packager="Sergey Budnevitch &lt;sb@nginx.com&gt;">

<change>
<para>
1.9.2
</para>
</change>

</changes>


<changes apply="nginx" ver="1.9.1" rev="1"
         date="2015-05-26" time="16:01:00 +0300"
         packager="Sergey Budnevitch &lt;sb@nginx.com&gt;">

<change>
<para>
1.9.1
</para>
</change>

</changes>


<changes apply="nginx" ver="1.9.0" rev="1"
         date="2015-04-28" time="11:29:00 +0300"
         packager="Sergey Budnevitch &lt;sb@nginx.com&gt;">

<change>
<para>
1.9.0
</para>
</change>

<change>
<para>
thread pool support added
</para>
</change>

<change>
<para>
stream module added
</para>
</change>

<change>
<para>
example_ssl.conf removed
</para>
</change>

</changes>


<changes apply="nginx" ver="1.7.12" rev="1"
         date="2015-04-07" time="19:33:00 +0300"
         packager="Sergey Budnevitch &lt;sb@nginx.com&gt;">

<change>
<para>
1.7.12
</para>
</change>

</changes>


<changes apply="nginx" ver="1.7.11" rev="1"
         date="2015-03-24" time="18:52:00 +0300"
         packager="Sergey Budnevitch &lt;sb@nginx.com&gt;">

<change>
<para>
1.7.11
</para>
</change>

</changes>


<changes apply="nginx" ver="1.7.10" rev="1"
         date="2015-02-10" time="15:33:00 +0300"
         packager="Sergey Budnevitch &lt;sb@nginx.com&gt;">

<change>
<para>
1.7.10
</para>
</change>

</changes>


<changes apply="nginx" ver="1.7.9" rev="1"
         date="2014-12-23" time="17:56:00 +0300"
         packager="Sergey Budnevitch &lt;sb@nginx.com&gt;">

<change>
<para>
1.7.9
</para>
</change>

<change>
<para>
init-script now sends signal only to the PID derived from pidfile
</para>
</change>

</changes>


<changes apply="nginx" ver="1.7.8" rev="1"
         date="2014-12-02" time="12:00:00 +0300"
         packager="Sergey Budnevitch &lt;sb@nginx.com&gt;">

<change>
<para>
1.7.8
</para>
</change>

<change>
<para>
package with debug symbols added
</para>
</change>

</changes>


<changes apply="nginx" ver="1.7.7" rev="1"
         date="2014-10-28" time="16:35:00 +0400"
         packager="Sergey Budnevitch &lt;sb@nginx.com&gt;">

<change>
<para>
1.7.7
</para>
</change>

</changes>


<changes apply="nginx" ver="1.7.6" rev="1"
         date="2014-09-30" time="17:53:00 +0400"
         packager="Sergey Budnevitch &lt;sb@nginx.com&gt;">

<change>
<para>
1.7.6
</para>
</change>

</changes>


<changes apply="nginx" ver="1.7.5" rev="1"
         date="2014-09-16" time="13:49:00 +0400"
         packager="Sergey Budnevitch &lt;sb@nginx.com&gt;">

<change>
<para>
1.7.5
</para>
</change>

</changes>


<changes apply="nginx" ver="1.7.4" rev="1"
         date="2014-08-05" time="14:10:00 +0400"
         packager="Sergey Budnevitch &lt;sb@nginx.com&gt;">

<change>
<para>
1.7.4
</para>
</change>

<change>
<para>
init-script now returns 0 on stop command if nginx is not running
</para>
</change>

</changes>


<changes apply="nginx" ver="1.7.3" rev="1"
         date="2014-07-08" time="18:33:00 +0400"
         packager="Sergey Budnevitch &lt;sb@nginx.com&gt;">

<change>
<para>
1.7.3
</para>
</change>

</changes>


<changes apply="nginx" ver="1.7.2" rev="1"
         date="2014-06-17" time="18:18:00 +0400"
         packager="Sergey Budnevitch &lt;sb@nginx.com&gt;">

<change>
<para>
1.7.2
</para>
</change>

</changes>


<changes apply="nginx" ver="1.7.1" rev="1"
         date="2014-05-27" time="18:12:00 +0400"
         packager="Sergey Budnevitch &lt;sb@nginx.com&gt;">

<change>
<para>
1.7.1
</para>
</change>

</changes>


<changes apply="nginx" ver="1.7.0" rev="1"
         date="2014-04-24" time="19:30:07 +0400"
         packager="Konstantin Pavlov &lt;thresh@nginx.com&gt;">

<change>
<para>
1.7.0
</para>
</change>

</changes>


<changes apply="nginx" ver="1.5.13" rev="1"
         date="2014-04-08" time="17:00:00 +0400"
         packager="Sergey Budnevitch &lt;sb@nginx.com&gt;">

<change>
<para>
1.5.13
</para>
</change>

</changes>


<changes apply="nginx" ver="1.5.12" rev="1"
         date="2014-03-18" time="16:04:01 +0400"
         packager="Sergey Budnevitch &lt;sb@nginx.com&gt;">

<change>
<para>
1.5.12
</para>
</change>

<change>
<para>
warning added when binary upgrade returns non-zero exit code
</para>
</change>

</changes>


<changes apply="nginx" ver="1.5.11" rev="1"
         date="2014-03-04" time="15:33:32 +0400"
         packager="Sergey Budnevitch &lt;sb@nginx.com&gt;">

<change>
<para>
1.5.11
</para>
</change>

</changes>


<changes apply="nginx" ver="1.5.10" rev="1"
         date="2014-02-04" time="16:12:01 +0400"
         packager="Sergey Budnevitch &lt;sb@nginx.com&gt;">

<change>
<para>
1.5.10
</para>
</change>

</changes>


<changes apply="nginx" ver="1.5.9" rev="1"
         date="2014-01-22" time="17:54:40 +0400"
         packager="Sergey Budnevitch &lt;sb@nginx.com&gt;">

<change>
<para>
1.5.9
</para>
</change>

</changes>


<changes apply="nginx" ver="1.5.8" rev="1"
         date="2013-12-17" time="18:05:32 +0400"
         packager="Sergey Budnevitch &lt;sb@nginx.com&gt;">

<change>
<para>
1.5.8
</para>
</change>

</changes>


<changes apply="nginx" ver="1.5.7" rev="1"
         date="2013-11-29" time="15:59:56 +0400"
         packager="Sergey Budnevitch &lt;sb@nginx.com&gt;">

<change>
<para>
1.5.7
</para>
</change>

<change>
<para>
init script now honours additional options sourced from /etc/default/nginx
</para>
</change>

</changes>


<changes apply="nginx" ver="1.5.6" rev="1"
         date="2013-10-01" time="16:35:33 +0400"
         packager="Sergey Budnevitch &lt;sb@nginx.com&gt;">

<change>
<para>
1.5.6
</para>
</change>

</changes>


<changes apply="nginx" ver="1.5.5" rev="1"
         date="2013-09-17" time="17:40:00 +0400"
         packager="Andrei Belov &lt;defan@nginx.com&gt;">

<change>
<para>
1.5.5
</para>
</change>

</changes>


<changes apply="nginx" ver="1.5.4" rev="1"
         date="2013-08-27" time="15:00:00 +0400"
         packager="Sergey Budnevitch &lt;sb@nginx.com&gt;">

<change>
<para>
1.5.4
</para>
</change>

<change>
<para>
auth request module added
</para>
</change>

</changes>


<changes apply="nginx" ver="1.5.3" rev="1"
         date="2013-07-30" time="13:55:04 +0400"
         packager="Sergey Budnevitch &lt;sb@nginx.com&gt;">

<change>
<para>
1.5.3
</para>
</change>

</changes>


<changes apply="nginx" ver="1.5.2" rev="1"
         date="2013-07-02" time="17:27:04 +0400"
         packager="Sergey Budnevitch &lt;sb@nginx.com&gt;">

<change>
<para>
1.5.2
</para>
</change>

</changes>


<changes apply="nginx" ver="1.5.1" rev="1"
         date="2013-06-04" time="17:45:54 +0400"
         packager="Sergey Budnevitch &lt;sb@nginx.com&gt;">

<change>
<para>
1.5.1
</para>
</change>

<change>
<para>
dpkg-buildflags options now passed by --with-{cc,ld}-opt
</para>
</change>

</changes>


<changes apply="nginx" ver="1.5.0" rev="1"
         date="2013-05-06" time="14:15:00 +0400"
         packager="Sergey Budnevitch &lt;sb@nginx.com&gt;">

<change>
<para>
1.5.0
</para>
</change>

<change>
<para>
fixed openssl version detection with dash as /bin/sh
</para>
</change>

</changes>


<changes apply="nginx" ver="1.3.16" rev="1"
         date="2013-04-16" time="16:44:00 +0400"
         packager="Sergey Budnevitch &lt;sb@nginx.com&gt;">

<change>
<para>
1.3.16
</para>
</change>

</changes>


<changes apply="nginx" ver="1.3.15" rev="1"
         date="2013-03-26" time="19:05:00 +0400"
         packager="Sergey Budnevitch &lt;sb@nginx.com&gt;">

<change>
<para>
1.3.15
</para>
</change>

<change>
<para>
gunzip module added
</para>
</change>

<change>
<para>
spdy module added if openssl version >= 1.0.1
</para>
</change>

<change>
<para>
set permissions on default log files at installation
</para>
</change>

</changes>


<!-- TODO: check for older entries -->


</change_log>
